source_file,ID,Block,Condition,arm_01,arm_02,arm_03,arm_04,head_01,head_02,head_03,head_04,leg_01,leg_02,leg_03,leg_04,other_01,other_02,other_03,other_04,total_01,total_02,total_03,total_04,validation_status,critical_issue,warning_issue
AN06AN18_A_LB.csv,AN06AN18,A,LB,3,0,0,1,0,0,0,0,0,0,0,0,1,1,1,0,4,1,1,1,VALID,,
AN06AN18_B_HB.csv,AN06AN18,B,HB,3,0,1,2,1,1,2,0,0,0,1,0,1,0,0,0,5,1,4,2,VALID,,
AN07IE11_A_HB.csv,AN07IE11,A,HB,0,0,2,2,0,0,0,0,0,0,2,4,1,0,0,3,1,0,4,9,VALID,,
AN07IE11_B_LB.csv,AN07IE11,B,LB,0,1,0,2,0,0,0,0,3,1,0,3,3,2,1,2,6,4,1,7,VALID,,
AN11ST11_A_HB.csv,AN11ST11,A,HB,0,0,0,0,0,0,0,0,0,0,0,0,0,0,0,0,0,0,0,0,VALID,,
AN11ST11_B_LB.csv,AN11ST11,B,LB,0,0,0,0,0,0,0,0,0,0,0,0,0,0,0,0,0,0,0,0,VALID,,
AN15AV09_A_LB.csv,AN15AV09,A,LB,1,2,2,2,0,0,0,0,0,0,0,0,0,0,0,0,1,2,2,2,VALID_WITH_WARNING,,1 timestamp(s) cannot be matched to clicked_name
AN15AV09_B_HB.csv,AN15AV09,B,HB,2,3,4,5,0,0,0,1,0,1,0,1,1,0,1,0,3,4,5,7,VALID,,
AN23BE15_A_HB.csv,AN23BE15,A,HB,0,2,1,2,0,0,1,2,0,1,0,0,1,2,1,2,1,5,3,6,VALID,,
AN23BE15_B_LB.csv,AN23BE15,B,LB,1,2,2,0,0,2,0,1,0,0,0,2,1,1,3,2,2,5,5,5,VALID,,
AN29RA22_A_LB.csv,AN29RA22,A,LB,0,1,0,0,0,0,1,1,0,0,0,1,0,1,2,4,0,2,3,6,VALID,,
AN29RA22_B_HB.csv,AN29RA22,B,HB,1,0,0,2,2,2,4,5,1,1,1,2,1,1,1,4,5,4,6,13,VALID,,
BE06LL24_A_HB.csv,BE06LL24,A,HB,0,0,1,0,0,0,0,0,0,0,0,0,0,0,0,1,0,0,1,1,VALID,,
BE06LL24_B_LB.csv,BE06LL24,B,LB,1,0,0,0,0,1,0,0,0,0,0,0,0,0,0,0,1,1,0,0,VALID,,
BG22OE24_A_LB.csv,BG22OE24,A,LB,0,0,0,0,1,0,1,0,0,0,0,0,3,1,1,1,4,1,2,1,VALID,,
BG22OE24_B_HB.csv,BG22OE24,B,HB,0,0,0,0,0,0,0,0,1,0,0,0,2,3,0,0,3,3,0,0,VALID,,
BI20OE24_A_LB.csv,BI20OE24,A,LB,3,4,3,12,1,1,3,2,5,1,0,2,4,2,3,4,13,8,9,20,VALID,,
BI20OE24_B_HB.csv,BI20OE24,B,HB,5,5,5,6,2,0,3,2,0,1,3,3,2,1,4,4,9,7,15,15,VALID,,
CA04TU11_A_LB.csv,CA04TU11,A,LB,1,2,0,3,1,1,1,1,0,1,0,1,1,2,2,1,3,6,3,6,VALID,,
CA04TU11_B_HB.csv,CA04TU11,B,HB,1,0,2,1,2,0,0,0,1,1,1,0,2,4,4,4,6,5,7,5,VALID,,
CA11UR11_A_HB.csv,CA11UR11,A,HB,0,0,0,0,0,0,0,0,0,0,0,0,0,0,0,0,0,0,0,0,VALID,,
CA11UR11_B_LB.csv,CA11UR11,B,LB,0,0,0,0,0,0,0,0,0,0,0,0,0,0,0,0,0,0,0,0,VALID,,
CH08TU30_A_HB.csv,CH08TU30,A,HB,0,1,1,1,1,1,4,4,0,0,0,2,0,0,1,2,1,2,6,9,VALID,,
CH08TU30_B_LB.csv,CH08TU30,B,LB,1,1,0,2,0,0,1,5,1,0,2,3,0,0,3,0,2,1,6,10,VALID,,
CH10AL22_A_LB.csv,CH10AL22,A,LB,3,4,1,1,3,0,0,0,1,0,1,1,4,0,0,0,11,4,2,2,VALID,,
CH10AL22_B_HB.csv,CH10AL22,B,HB,4,2,6,5,1,2,1,4,0,2,1,5,0,2,2,1,5,8,10,15,VALID_WITH_WARNING,,1 timestamp(s) cannot be matched to clicked_name
CH10AN25_A_HB.csv,CH10AN25,A,HB,0,1,2,0,0,0,0,1,1,1,0,1,2,1,2,1,3,3,4,3,VALID,,
CH10AN25_B_LB.csv,CH10AN25,B,LB,1,0,0,1,0,0,0,0,0,2,2,0,1,1,1,2,2,3,3,3,VALID,,
CH11RE22_A_HB.csv,CH11RE22,A,HB,1,4,3,2,0,0,0,0,0,0,0,0,0,0,0,2,1,4,3,4,VALID,,
CH11RE22_B_LB.csv,CH11RE22,B,LB,4,1,1,1,0,0,0,0,0,0,0,0,0,1,0,1,4,2,1,2,VALID,,
CH18EU28_A_HB.csv,CH18EU28,A,HB,1,0,0,1,0,0,0,0,0,0,1,0,0,2,0,0,1,2,1,1,VALID,,
CH18EU28_B_LB.csv,CH18EU28,B,LB,0,0,0,1,1,0,0,0,1,1,0,1,0,0,1,1,2,1,1,3,VALID,,
CL22OE02_A_HB.csv,CL22OE02,A,HB,1,6,13,12,0,0,0,0,0,6,10,23,0,1,2,0,1,13,25,35,VALID,,
CL22OE02_B_LB.csv,CL22OE02,B,LB,2,1,3,16,1,0,1,0,13,2,20,15,0,0,0,0,16,3,24,31,VALID,,
CL23ON05_A_LB.csv,CL23ON05,A,LB,2,0,0,0,0,0,0,1,0,0,0,0,3,2,4,2,5,2,4,3,VALID,,
CL23ON05_B_HB.csv,CL23ON05,B,HB,0,0,1,0,1,3,0,1,1,0,0,0,0,2,4,4,2,5,5,5,VALID,,
DI16UB31_A_HB.csv,DI16UB31,A,HB,3,2,3,3,1,1,2,0,0,0,0,0,3,2,1,1,7,5,6,4,VALID,,
DI16UB31_B_LB.csv,DI16UB31,B,LB,0,1,4,3,0,1,1,1,0,0,0,0,4,1,2,1,4,3,7,5,VALID,,
DO11UB30_A_LB.csv,DO11UB30,A,LB,0,4,2,6,0,0,4,3,0,1,4,6,0,1,3,0,0,6,13,15,VALID,,
DO11UB30_B_HB.csv,DO11UB30,B,HB,1,7,5,4,0,2,1,0,0,10,2,5,7,3,6,2,8,22,14,11,VALID,,
DO13UE03_A_LB.csv,DO13UE03,A,LB,23,15,27,29,1,2,2,4,9,4,7,13,2,1,6,5,35,22,42,51,VALID,,
DO13UE03_B_HB.csv,DO13UE03,B,HB,27,25,23,39,1,5,3,7,13,8,7,10,4,6,8,17,45,44,41,73,VALID,,
EL30AD28_A_LB.csv,EL30AD28,A,LB,0,1,2,0,0,0,0,1,0,0,0,0,1,1,2,1,1,2,4,2,VALID,,
EL30AD28_B_HB.csv,EL30AD28,B,HB,1,0,0,0,0,0,0,0,0,2,2,4,1,2,3,2,2,4,5,6,VALID,,
HE20ÜB06_A_LB.csv,HE20ÜB06,A,LB,0,1,1,0,0,0,0,1,2,0,0,1,1,1,0,0,3,2,1,2,VALID,,
HE20ÜB06_B_HB.csv,HE20ÜB06,B,HB,2,1,0,2,1,1,1,0,0,0,0,2,1,0,3,1,4,2,4,5,VALID,,
IN06UE25_A_HB.csv,IN06UE25,A,HB,0,0,0,0,0,0,0,0,0,0,0,0,0,0,0,0,0,0,0,0,VALID,,
IN06UE25_B_LB.csv,IN06UE25,B,LB,0,0,0,0,0,0,0,0,0,0,0,0,0,0,0,0,0,0,0,0,VALID,,
JE06AD10_A_LB.csv,JE06AD10,A,LB,0,1,0,0,0,0,1,0,0,0,0,0,2,2,1,1,2,3,2,1,VALID_WITH_WARNING,,1 timestamp(s) cannot be matched to clicked_name
JE06AD10_B_HB.csv,JE06AD10,B,HB,0,1,0,0,2,2,0,0,0,1,0,0,1,2,0,0,3,6,0,0,VALID,,
JO26EI26_A_HB.csv,JO26EI26,A,HB,0,0,0,0,0,0,0,0,0,0,0,0,0,0,0,0,0,0,0,0,VALID,,
JO26EI26_B_LB.csv,JO26EI26,B,LB,0,0,0,0,0,0,0,0,0,0,0,0,0,0,0,0,0,0,0,0,VALID,,
JU20ÜC09_A_LB.csv,JU20ÜC09,A,LB,0,0,1,0,0,0,2,0,1,0,1,0,0,0,2,0,1,0,6,0,VALID,,
JU20ÜC09_B_HB.csv,JU20ÜC09,B,HB,0,0,0,1,0,0,0,4,0,0,0,0,2,1,2,1,2,1,2,6,VALID,,
KA09ÜH17_A_HB.csv,KA09ÜH17,A,HB,0,1,1,1,0,0,0,0,0,0,1,0,1,2,0,1,1,3,2,2,VALID,,
KA09ÜH17_B_LB.csv,KA09ÜH17,B,LB,0,0,1,1,0,0,0,0,0,1,0,1,1,1,1,1,1,2,2,3,VALID,,
KA14RE15_A_HB.csv,KA14RE15,A,HB,0,1,1,2,0,0,0,0,0,0,0,0,1,0,2,0,1,1,3,2,VALID,,
KA14RE15_B_LB.csv,KA14RE15,B,LB,1,0,0,1,0,1,0,1,0,0,0,1,0,3,3,2,1,4,3,5,VALID,,
KE30IE06_A_LB.csv,KE30IE06,A,LB,0,0,0,0,0,0,0,0,0,0,0,0,0,0,0,1,0,0,0,1,VALID,,
KE30IE06_B_HB.csv,KE30IE06,B,HB,0,0,0,0,0,0,1,1,0,0,0,0,0,2,0,0,0,2,1,1,VALID,,
KO24IE08_A_HB.csv,KO24IE08,A,HB,0,0,2,0,0,0,0,0,0,0,0,0,0,0,0,1,0,0,2,1,VALID,,
KO24IE08_B_LB.csv,KO24IE08,B,LB,0,0,0,0,0,0,0,0,0,0,0,0,1,0,0,1,1,0,0,1,VALID,,
LE11ON12_A_HB.csv,LE11ON12,A,HB,2,1,1,1,0,0,0,0,0,0,0,0,1,3,0,1,3,4,1,2,VALID,,
LE11ON12_B_LB.csv,LE11ON12,B,LB,6,2,0,1,1,0,0,0,1,0,0,0,1,2,1,0,9,4,1,1,VALID_WITH_WARNING,,internal A/B header differs from standardized filename
MA25UT20_A_HB.csv,MA25UT20,A,HB,0,0,1,1,0,0,0,0,1,1,1,0,1,2,2,1,2,3,4,2,VALID,,
MA25UT20_B_LB.csv,MA25UT20,B,LB,1,2,2,1,0,0,0,0,1,1,2,1,1,1,2,1,3,4,6,3,VALID_WITH_WARNING,,1 timestamp(s) cannot be matched to clicked_name
MI27ER17_A_LB.csv,MI27ER17,A,LB,0,1,0,1,0,0,0,0,1,0,0,3,0,0,1,0,1,1,1,4,VALID,,
MI27ER17_B_HB.csv,MI27ER17,B,HB,1,1,1,1,0,0,0,0,0,1,2,1,2,0,0,0,3,2,3,2,VALID,,
NF16CH30_A_LB.csv,NF16CH30,A,LB,0,0,0,0,0,0,0,0,5,4,2,1,0,1,0,1,5,5,2,2,VALID,,
NF16CH30_B_HB.csv,NF16CH30,B,HB,0,2,2,3,0,0,0,0,4,3,2,3,0,0,2,1,4,5,6,7,VALID,,
PE16IN18_A_LB.csv,PE16IN18,A,LB,1,0,0,1,0,0,2,2,0,0,0,0,0,0,0,0,1,0,2,3,VALID,,
PE16IN18_B_HB.csv,PE16IN18,B,HB,0,0,0,0,1,3,2,1,0,0,0,0,0,0,0,0,1,3,2,1,VALID,,
RE13ON18_A_HB.csv,RE13ON18,A,HB,4,1,2,1,1,1,0,0,0,0,0,1,2,1,1,0,7,3,3,2,VALID,,
RE13ON18_B_LB.csv,RE13ON18,B,LB,2,1,2,0,1,0,0,0,0,1,1,2,0,2,0,0,3,4,3,2,VALID,,
SA09OR12_A_LB.csv,SA09OR12,A,LB,1,1,0,1,3,2,0,0,1,0,1,2,0,0,0,0,5,3,1,3,VALID_WITH_WARNING,,3 timestamp(s) cannot be matched to clicked_name
SA09OR12_B_HB.csv,SA09OR12,B,HB,2,0,1,0,2,0,1,1,1,1,0,0,2,1,1,0,7,2,3,1,VALID,,
SI21ÜR22_A_HB.csv,SI21ÜR22,A,HB,5,4,9,18,1,6,7,4,1,0,3,4,4,8,9,6,11,18,28,32,VALID,,
SI21ÜR22_B_LB.csv,SI21ÜR22,B,LB,10,6,5,9,2,2,6,2,3,1,2,2,3,4,8,7,18,13,21,20,VALID,,
SI22IE06_A_LB.csv,SI22IE06,A,LB,0,0,1,3,0,0,0,0,0,0,0,0,0,1,1,2,0,1,2,5,VALID,,
SI22IE06_B_HB.csv,SI22IE06,B,HB,3,5,5,6,0,0,0,1,1,1,1,0,0,0,1,2,4,6,7,9,VALID,,
TA17ER04_A_LB.csv,TA17ER04,A,LB,0,0,0,0,0,0,0,0,0,0,0,0,0,2,2,1,0,2,2,1,VALID,,
TA17ER04_B_HB.csv,TA17ER04,B,HB,2,0,0,0,0,1,0,0,0,0,0,0,1,2,3,1,3,3,3,1,VALID,,
UL01RL21_A_HB.csv,UL01RL21,A,HB,0,2,1,0,0,0,0,0,1,0,0,0,0,1,1,1,1,3,2,1,VALID,,
UL01RL21_B_LB.csv,UL01RL21,B,LB,1,0,0,0,0,0,0,0,0,0,1,1,0,0,1,1,1,0,2,2,VALID,,
UL22ON24_A_LB.csv,UL22ON24,A,LB,2,1,1,0,0,0,1,0,1,0,0,1,0,0,0,1,3,1,2,2,VALID,,
UL22ON24_B_HB.csv,UL22ON24,B,HB,2,5,4,3,0,0,0,0,1,1,2,0,1,1,2,2,4,7,8,5,VALID,,
UR31EM17_A_LB.csv,UR31EM17,A,LB,3,0,0,0,0,0,0,0,0,0,0,0,1,2,0,2,4,2,0,2,VALID,,
UR31EM17_B_HB.csv,UR31EM17,B,HB,2,1,1,1,0,0,0,0,0,0,0,0,3,1,1,2,5,2,2,3,VALID,,
