ID,Condition,trial_order,baseline_effort,Trial,Effort
AN06AN18,HB,LB_HB,0,1,0
AN06AN18,HB,LB_HB,0,2,2
AN06AN18,HB,LB_HB,0,3,2
AN06AN18,HB,LB_HB,0,4,2
AN06AN18,LB,LB_HB,0,1,0
AN06AN18,LB,LB_HB,0,2,1
AN06AN18,LB,LB_HB,0,3,2
AN06AN18,LB,LB_HB,0,4,2
AN07IE11,HB,HB_LB,1,1,2
AN07IE11,HB,HB_LB,1,2,3
AN07IE11,HB,HB_LB,1,3,5
AN07IE11,HB,HB_LB,1,4,6
AN07IE11,LB,HB_LB,2,1,4
AN07IE11,LB,HB_LB,2,2,4
AN07IE11,LB,HB_LB,2,3,3
AN07IE11,LB,HB_LB,2,4,4
AN11ST11,HB,HB_LB,0,1,2
AN11ST11,HB,HB_LB,0,2,4
AN11ST11,HB,HB_LB,0,3,4
AN11ST11,HB,HB_LB,0,4,5
AN11ST11,LB,HB_LB,2,1,5
AN11ST11,LB,HB_LB,2,2,5
AN11ST11,LB,HB_LB,2,3,5
AN11ST11,LB,HB_LB,2,4,5
AN15AV09,HB,LB_HB,2,1,2
AN15AV09,HB,LB_HB,2,2,4
AN15AV09,HB,LB_HB,2,3,3
AN15AV09,HB,LB_HB,2,4,2
AN15AV09,LB,LB_HB,1,1,3
AN15AV09,LB,LB_HB,1,2,4
AN15AV09,LB,LB_HB,1,3,4
AN15AV09,LB,LB_HB,1,4,4
AN23BE15,HB,HB_LB,2,1,4
AN23BE15,HB,HB_LB,2,2,4
AN23BE15,HB,HB_LB,2,3,4
AN23BE15,HB,HB_LB,2,4,5
AN23BE15,LB,HB_LB,4,1,5
AN23BE15,LB,HB_LB,4,2,5
AN23BE15,LB,HB_LB,4,3,5
AN23BE15,LB,HB_LB,4,4,5
AN29RA22,HB,LB_HB,2,1,3
AN29RA22,HB,LB_HB,2,2,3
AN29RA22,HB,LB_HB,2,3,3
AN29RA22,HB,LB_HB,2,4,4
AN29RA22,LB,LB_HB,1,1,2
AN29RA22,LB,LB_HB,1,2,2
AN29RA22,LB,LB_HB,1,3,3
AN29RA22,LB,LB_HB,1,4,3
BE06LL24,HB,HB_LB,0,1,0
BE06LL24,HB,HB_LB,0,2,0
BE06LL24,HB,HB_LB,0,3,0
BE06LL24,HB,HB_LB,0,4,0
BE06LL24,LB,HB_LB,0,1,0
BE06LL24,LB,HB_LB,0,2,2
BE06LL24,LB,HB_LB,0,3,2
BE06LL24,LB,HB_LB,0,4,3
BG22OE24,HB,LB_HB,1,1,2
BG22OE24,HB,LB_HB,1,2,6
BG22OE24,HB,LB_HB,1,3,5
BG22OE24,HB,LB_HB,1,4,
BG22OE24,LB,LB_HB,0,1,1
BG22OE24,LB,LB_HB,0,2,1
BG22OE24,LB,LB_HB,0,3,4
BG22OE24,LB,LB_HB,0,4,4
BI20OE24,HB,LB_HB,0,1,0
BI20OE24,HB,LB_HB,0,2,1
BI20OE24,HB,LB_HB,0,3,1
BI20OE24,HB,LB_HB,0,4,1
BI20OE24,LB,LB_HB,0,1,0
BI20OE24,LB,LB_HB,0,2,2
BI20OE24,LB,LB_HB,0,3,2
BI20OE24,LB,LB_HB,0,4,1
CA04TU11,HB,LB_HB,0,1,0
CA04TU11,HB,LB_HB,0,2,1
CA04TU11,HB,LB_HB,0,3,2
CA04TU11,HB,LB_HB,0,4,3
CA04TU11,LB,LB_HB,0,1,1
CA04TU11,LB,LB_HB,0,2,1
CA04TU11,LB,LB_HB,0,3,1
CA04TU11,LB,LB_HB,0,4,1
CA11UR11,HB,HB_LB,0,1,1
CA11UR11,HB,HB_LB,0,2,1
CA11UR11,HB,HB_LB,0,3,2
CA11UR11,HB,HB_LB,0,4,3
CA11UR11,LB,HB_LB,1,1,1
CA11UR11,LB,HB_LB,1,2,2
CA11UR11,LB,HB_LB,1,3,2
CA11UR11,LB,HB_LB,1,4,2
CH08TU30,HB,HB_LB,0,1,1
CH08TU30,HB,HB_LB,0,2,0
CH08TU30,HB,HB_LB,0,3,1
CH08TU30,HB,HB_LB,0,4,4
CH08TU30,LB,HB_LB,0,1,1
CH08TU30,LB,HB_LB,0,2,1
CH08TU30,LB,HB_LB,0,3,1
CH08TU30,LB,HB_LB,0,4,1
CH10AL22,HB,LB_HB,1,1,3
CH10AL22,HB,LB_HB,1,2,4
CH10AL22,HB,LB_HB,1,3,4
CH10AL22,HB,LB_HB,1,4,5
CH10AL22,LB,LB_HB,1,1,2
CH10AL22,LB,LB_HB,1,2,3
CH10AL22,LB,LB_HB,1,3,3
CH10AL22,LB,LB_HB,1,4,4
CH11RE22,HB,HB_LB,0,1,0
CH11RE22,HB,HB_LB,0,2,2
CH11RE22,HB,HB_LB,0,3,2
CH11RE22,HB,HB_LB,0,4,3
CH11RE22,LB,HB_LB,0,1,1
CH11RE22,LB,HB_LB,0,2,2
CH11RE22,LB,HB_LB,0,3,3
CH11RE22,LB,HB_LB,0,4,4
CL22OE02,HB,HB_LB,1,1,2
CL22OE02,HB,HB_LB,1,2,2
CL22OE02,HB,HB_LB,1,3,2
CL22OE02,HB,HB_LB,1,4,2
CL22OE02,LB,HB_LB,2,1,2
CL22OE02,LB,HB_LB,2,2,2
CL22OE02,LB,HB_LB,2,3,2
CL22OE02,LB,HB_LB,2,4,2
CL23ON05,HB,LB_HB,1,1,1
CL23ON05,HB,LB_HB,1,2,2
CL23ON05,HB,LB_HB,1,3,2
CL23ON05,HB,LB_HB,1,4,2
CL23ON05,LB,LB_HB,0,1,0
CL23ON05,LB,LB_HB,0,2,1
CL23ON05,LB,LB_HB,0,3,1
CL23ON05,LB,LB_HB,0,4,1
DI16UB31,HB,HB_LB,1,1,1
DI16UB31,HB,HB_LB,1,2,2
DI16UB31,HB,HB_LB,1,3,2
DI16UB31,HB,HB_LB,1,4,3
DI16UB31,LB,HB_LB,1,1,1
DI16UB31,LB,HB_LB,1,2,2
DI16UB31,LB,HB_LB,1,3,2
DI16UB31,LB,HB_LB,1,4,3
DO11UB30,HB,LB_HB,2,1,2
DO11UB30,HB,LB_HB,2,2,3
DO11UB30,HB,LB_HB,2,3,4
DO11UB30,HB,LB_HB,2,4,4
DO11UB30,LB,LB_HB,0,1,2
DO11UB30,LB,LB_HB,0,2,2
DO11UB30,LB,LB_HB,0,3,2
DO11UB30,LB,LB_HB,0,4,2
EL30AD28,HB,LB_HB,1,1,2
EL30AD28,HB,LB_HB,1,2,2
EL30AD28,HB,LB_HB,1,3,3
EL30AD28,HB,LB_HB,1,4,3
EL30AD28,LB,LB_HB,1,1,3
EL30AD28,LB,LB_HB,1,2,3
EL30AD28,LB,LB_HB,1,3,2
EL30AD28,LB,LB_HB,1,4,3
HE20UB06,HB,LB_HB,0,1,3
HE20UB06,HB,LB_HB,0,2,4
HE20UB06,HB,LB_HB,0,3,6
HE20UB06,HB,LB_HB,0,4,6
HE20UB06,LB,LB_HB,0,1,0
HE20UB06,LB,LB_HB,0,2,3
HE20UB06,LB,LB_HB,0,3,2
HE20UB06,LB,LB_HB,0,4,5
IN06UE25,HB,HB_LB,0,1,2
IN06UE25,HB,HB_LB,0,2,2
IN06UE25,HB,HB_LB,0,3,3
IN06UE25,HB,HB_LB,0,4,5
IN06UE25,LB,HB_LB,0,1,3
IN06UE25,LB,HB_LB,0,2,4
IN06UE25,LB,HB_LB,0,3,5
IN06UE25,LB,HB_LB,0,4,4
JE06AD10,HB,LB_HB,1,1,2
JE06AD10,HB,LB_HB,1,2,4
JE06AD10,HB,LB_HB,1,3,5
JE06AD10,HB,LB_HB,1,4,6
JE06AD10,LB,LB_HB,0,1,1
JE06AD10,LB,LB_HB,0,2,2
JE06AD10,LB,LB_HB,0,3,3
JE06AD10,LB,LB_HB,0,4,5
JO26EI26,HB,HB_LB,0,1,2
JO26EI26,HB,HB_LB,0,2,2
JO26EI26,HB,HB_LB,0,3,1
JO26EI26,HB,HB_LB,0,4,1
JO26EI26,LB,HB_LB,0,1,2
JO26EI26,LB,HB_LB,0,2,1
JO26EI26,LB,HB_LB,0,3,2
JO26EI26,LB,HB_LB,0,4,1
JU20UC09,HB,LB_HB,3,1,3
JU20UC09,HB,LB_HB,3,2,4
JU20UC09,HB,LB_HB,3,3,4
JU20UC09,HB,LB_HB,3,4,5
JU20UC09,LB,LB_HB,2,1,3
JU20UC09,LB,LB_HB,2,2,3
JU20UC09,LB,LB_HB,2,3,4
JU20UC09,LB,LB_HB,2,4,4
KA09UH17,HB,HB_LB,0,1,1
KA09UH17,HB,HB_LB,0,2,1
KA09UH17,HB,HB_LB,0,3,2
KA09UH17,HB,HB_LB,0,4,2
KA09UH17,LB,HB_LB,0,1,0
KA09UH17,LB,HB_LB,0,2,2
KA09UH17,LB,HB_LB,0,3,2
KA09UH17,LB,HB_LB,0,4,4
KA14RE15,HB,HB_LB,2,1,4
KA14RE15,HB,HB_LB,2,2,5
KA14RE15,HB,HB_LB,2,3,5
KA14RE15,HB,HB_LB,2,4,6
KA14RE15,LB,HB_LB,,1,
KA14RE15,LB,HB_LB,,2,
KA14RE15,LB,HB_LB,,3,
KA14RE15,LB,HB_LB,,4,
KE30IE06,HB,LB_HB,2,1,3
KE30IE06,HB,LB_HB,2,2,4
KE30IE06,HB,LB_HB,2,3,4
KE30IE06,HB,LB_HB,2,4,4
KE30IE06,LB,LB_HB,0,1,2
KE30IE06,LB,LB_HB,0,2,3
KE30IE06,LB,LB_HB,0,3,3
KE30IE06,LB,LB_HB,0,4,4
KO24IE08,HB,HB_LB,0,1,2
KO24IE08,HB,HB_LB,0,2,3
KO24IE08,HB,HB_LB,0,3,3
KO24IE08,HB,HB_LB,0,4,4
KO24IE08,LB,HB_LB,0,1,1
KO24IE08,LB,HB_LB,0,2,2
KO24IE08,LB,HB_LB,0,3,2
KO24IE08,LB,HB_LB,0,4,3
LE11ON12,HB,HB_LB,0,1,0
LE11ON12,HB,HB_LB,0,2,0
LE11ON12,HB,HB_LB,0,3,0
LE11ON12,HB,HB_LB,0,4,0
LE11ON12,LB,HB_LB,0,1,0
LE11ON12,LB,HB_LB,0,2,0
LE11ON12,LB,HB_LB,0,3,0
LE11ON12,LB,HB_LB,0,4,0
MA25UT20,HB,HB_LB,5,1,7
MA25UT20,HB,HB_LB,5,2,8
MA25UT20,HB,HB_LB,5,3,5
MA25UT20,HB,HB_LB,5,4,5
MA25UT20,LB,HB_LB,5,1,5
MA25UT20,LB,HB_LB,5,2,5
MA25UT20,LB,HB_LB,5,3,5
MA25UT20,LB,HB_LB,5,4,6
MI27ER17,HB,LB_HB,1,1,2
MI27ER17,HB,LB_HB,1,2,2
MI27ER17,HB,LB_HB,1,3,2
MI27ER17,HB,LB_HB,1,4,3
MI27ER17,LB,LB_HB,1,1,1
MI27ER17,LB,LB_HB,1,2,2
MI27ER17,LB,LB_HB,1,3,3
MI27ER17,LB,LB_HB,1,4,3
NF16CH30,HB,LB_HB,3,1,4
NF16CH30,HB,LB_HB,3,2,5
NF16CH30,HB,LB_HB,3,3,5
NF16CH30,HB,LB_HB,3,4,5
NF16CH30,LB,LB_HB,4,1,6
NF16CH30,LB,LB_HB,4,2,7
NF16CH30,LB,LB_HB,4,3,7
NF16CH30,LB,LB_HB,4,4,7
PE16IN18,HB,LB_HB,1,1,3
PE16IN18,HB,LB_HB,1,2,2
PE16IN18,HB,LB_HB,1,3,2
PE16IN18,HB,LB_HB,1,4,3
PE16IN18,LB,LB_HB,0,1,3
PE16IN18,LB,LB_HB,0,2,3
PE16IN18,LB,LB_HB,0,3,4
PE16IN18,LB,LB_HB,0,4,4
RE13ON18,HB,HB_LB,0,1,0
RE13ON18,HB,HB_LB,0,2,3
RE13ON18,HB,HB_LB,0,3,1
RE13ON18,HB,HB_LB,0,4,3
RE13ON18,LB,HB_LB,0,1,0
RE13ON18,LB,HB_LB,0,2,1
RE13ON18,LB,HB_LB,0,3,1
RE13ON18,LB,HB_LB,0,4,1
SA09OR12,HB,LB_HB,4,1,5
SA09OR12,HB,LB_HB,4,2,5
SA09OR12,HB,LB_HB,4,3,4
SA09OR12,HB,LB_HB,4,4,5
SA09OR12,LB,LB_HB,0,1,3
SA09OR12,LB,LB_HB,0,2,4
SA09OR12,LB,LB_HB,0,3,4
SA09OR12,LB,LB_HB,0,4,5
SI21UR22,HB,HB_LB,0,1,4
SI21UR22,HB,HB_LB,0,2,3
SI21UR22,HB,HB_LB,0,3,4
SI21UR22,HB,HB_LB,0,4,4
SI21UR22,LB,HB_LB,3,1,5
SI21UR22,LB,HB_LB,3,2,4
SI21UR22,LB,HB_LB,3,3,5
SI21UR22,LB,HB_LB,3,4,4
SI22IE06,HB,LB_HB,3,1,3
SI22IE06,HB,LB_HB,3,2,4
SI22IE06,HB,LB_HB,3,3,5
SI22IE06,HB,LB_HB,3,4,5
SI22IE06,LB,LB_HB,3,1,3
SI22IE06,LB,LB_HB,3,2,4
SI22IE06,LB,LB_HB,3,3,4
SI22IE06,LB,LB_HB,3,4,4
TA17ER04,HB,LB_HB,1,1,2
TA17ER04,HB,LB_HB,1,2,5
TA17ER04,HB,LB_HB,1,3,6
TA17ER04,HB,LB_HB,1,4,4
TA17ER04,LB,LB_HB,0,1,5
TA17ER04,LB,LB_HB,0,2,3
TA17ER04,LB,LB_HB,0,3,3
TA17ER04,LB,LB_HB,0,4,5
UL01RL21,HB,HB_LB,0,1,0
UL01RL21,HB,HB_LB,0,2,0
UL01RL21,HB,HB_LB,0,3,0
UL01RL21,HB,HB_LB,0,4,1
UL01RL21,LB,HB_LB,0,1,0
UL01RL21,LB,HB_LB,0,2,1
UL01RL21,LB,HB_LB,0,3,1
UL01RL21,LB,HB_LB,0,4,1
UL22ON24,HB,LB_HB,1,1,3
UL22ON24,HB,LB_HB,1,2,3
UL22ON24,HB,LB_HB,1,3,4
UL22ON24,HB,LB_HB,1,4,3
UL22ON24,LB,LB_HB,0,1,0
UL22ON24,LB,LB_HB,0,2,0
UL22ON24,LB,LB_HB,0,3,1
UL22ON24,LB,LB_HB,0,4,2
UR31EM17,HB,LB_HB,2,1,3
UR31EM17,HB,LB_HB,2,2,4
UR31EM17,HB,LB_HB,2,3,4
UR31EM17,HB,LB_HB,2,4,4
UR31EM17,LB,LB_HB,0,1,2
UR31EM17,LB,LB_HB,0,2,2
UR31EM17,LB,LB_HB,0,3,3
UR31EM17,LB,LB_HB,0,4,3
