ID,scale,condition,timepoint,expected_items,available_items,missing_items,documented_missing_items,unexpected_missing_items,invalid_values_converted_to_na,score_available,review_status
AN06AN18,MSBS,HB,baseline,8,8,0,0,0,0,TRUE,COMPLETE
AN06AN18,MSBS,HB,post,8,8,0,0,0,0,TRUE,COMPLETE
AN06AN18,MSBS,LB,baseline,8,8,0,0,0,0,TRUE,COMPLETE
AN06AN18,MSBS,LB,post,8,8,0,0,0,0,TRUE,COMPLETE
AN06AN18,SBPS,,trait,8,8,0,0,0,0,TRUE,COMPLETE
AN07IE11,MSBS,HB,baseline,8,8,0,0,0,0,TRUE,COMPLETE
AN07IE11,MSBS,HB,post,8,8,0,0,0,0,TRUE,COMPLETE
AN07IE11,MSBS,LB,baseline,8,8,0,0,0,0,TRUE,COMPLETE
AN07IE11,MSBS,LB,post,8,8,0,0,0,0,TRUE,COMPLETE
AN07IE11,SBPS,,trait,8,8,0,0,0,0,TRUE,COMPLETE
AN11ST11,MSBS,HB,baseline,8,8,0,0,0,0,TRUE,COMPLETE
AN11ST11,MSBS,HB,post,8,8,0,0,0,0,TRUE,COMPLETE
AN11ST11,MSBS,LB,baseline,8,8,0,0,0,0,TRUE,COMPLETE
AN11ST11,MSBS,LB,post,8,8,0,0,0,0,TRUE,COMPLETE
AN11ST11,SBPS,,trait,8,8,0,0,0,0,TRUE,COMPLETE
AN15AV09,MSBS,HB,baseline,8,8,0,0,0,0,TRUE,COMPLETE
AN15AV09,MSBS,HB,post,8,8,0,0,0,0,TRUE,COMPLETE
AN15AV09,MSBS,LB,baseline,8,8,0,0,0,0,TRUE,COMPLETE
AN15AV09,MSBS,LB,post,8,8,0,0,0,0,TRUE,COMPLETE
AN15AV09,SBPS,,trait,8,8,0,0,0,0,TRUE,COMPLETE
AN23BE15,MSBS,HB,baseline,8,8,0,0,0,0,TRUE,COMPLETE
AN23BE15,MSBS,HB,post,8,8,0,0,0,0,TRUE,COMPLETE
AN23BE15,MSBS,LB,baseline,8,8,0,0,0,0,TRUE,COMPLETE
AN23BE15,MSBS,LB,post,8,8,0,0,0,0,TRUE,COMPLETE
AN23BE15,SBPS,,trait,8,8,0,0,0,0,TRUE,COMPLETE
AN29RA22,MSBS,HB,baseline,8,8,0,0,0,0,TRUE,COMPLETE
AN29RA22,MSBS,HB,post,8,8,0,0,0,0,TRUE,COMPLETE
AN29RA22,MSBS,LB,baseline,8,8,0,0,0,0,TRUE,COMPLETE
AN29RA22,MSBS,LB,post,8,8,0,0,0,0,TRUE,COMPLETE
AN29RA22,SBPS,,trait,8,8,0,0,0,0,TRUE,COMPLETE
BE06LL24,MSBS,HB,baseline,8,8,0,0,0,0,TRUE,COMPLETE
BE06LL24,MSBS,HB,post,8,8,0,0,0,0,TRUE,COMPLETE
BE06LL24,MSBS,LB,baseline,8,8,0,0,0,0,TRUE,COMPLETE
BE06LL24,MSBS,LB,post,8,8,0,0,0,0,TRUE,COMPLETE
BE06LL24,SBPS,,trait,8,8,0,0,0,0,TRUE,COMPLETE
BG22OE24,MSBS,HB,baseline,8,8,0,0,0,0,TRUE,COMPLETE
BG22OE24,MSBS,HB,post,8,8,0,0,0,0,TRUE,COMPLETE
BG22OE24,MSBS,LB,baseline,8,8,0,0,0,0,TRUE,COMPLETE
BG22OE24,MSBS,LB,post,8,8,0,0,0,0,TRUE,COMPLETE
BG22OE24,SBPS,,trait,8,8,0,0,0,0,TRUE,COMPLETE
BI20OE24,MSBS,HB,baseline,8,8,0,0,0,0,TRUE,COMPLETE
BI20OE24,MSBS,HB,post,8,8,0,0,0,0,TRUE,COMPLETE
BI20OE24,MSBS,LB,baseline,8,8,0,0,0,0,TRUE,COMPLETE
BI20OE24,MSBS,LB,post,8,8,0,0,0,0,TRUE,COMPLETE
BI20OE24,SBPS,,trait,8,8,0,0,0,0,TRUE,COMPLETE
CA04TU11,MSBS,HB,baseline,8,8,0,0,0,0,TRUE,COMPLETE
CA04TU11,MSBS,HB,post,8,8,0,0,0,0,TRUE,COMPLETE
CA04TU11,MSBS,LB,baseline,8,8,0,0,0,0,TRUE,COMPLETE
CA04TU11,MSBS,LB,post,8,8,0,0,0,0,TRUE,COMPLETE
CA04TU11,SBPS,,trait,8,8,0,0,0,0,TRUE,COMPLETE
CA11UR11,MSBS,HB,baseline,8,8,0,0,0,0,TRUE,COMPLETE
CA11UR11,MSBS,HB,post,8,8,0,0,0,0,TRUE,COMPLETE
CA11UR11,MSBS,LB,baseline,8,8,0,0,0,0,TRUE,COMPLETE
CA11UR11,MSBS,LB,post,8,8,0,0,0,0,TRUE,COMPLETE
CA11UR11,SBPS,,trait,8,8,0,0,0,0,TRUE,COMPLETE
CH08TU30,MSBS,HB,baseline,8,8,0,0,0,0,TRUE,COMPLETE
CH08TU30,MSBS,HB,post,8,8,0,0,0,0,TRUE,COMPLETE
CH08TU30,MSBS,LB,baseline,8,8,0,0,0,0,TRUE,COMPLETE
CH08TU30,MSBS,LB,post,8,8,0,0,0,0,TRUE,COMPLETE
CH08TU30,SBPS,,trait,8,8,0,0,0,0,TRUE,COMPLETE
CH10AL22,MSBS,HB,baseline,8,8,0,0,0,0,TRUE,COMPLETE
CH10AL22,MSBS,HB,post,8,8,0,0,0,0,TRUE,COMPLETE
CH10AL22,MSBS,LB,baseline,8,8,0,0,0,0,TRUE,COMPLETE
CH10AL22,MSBS,LB,post,8,8,0,0,0,0,TRUE,COMPLETE
CH10AL22,SBPS,,trait,8,8,0,0,0,0,TRUE,COMPLETE
CH10AN25,MSBS,HB,baseline,8,8,0,0,0,0,TRUE,COMPLETE
CH10AN25,MSBS,HB,post,8,8,0,0,0,0,TRUE,COMPLETE
CH10AN25,MSBS,LB,baseline,8,8,0,0,0,0,TRUE,COMPLETE
CH10AN25,MSBS,LB,post,8,8,0,0,0,0,TRUE,COMPLETE
CH10AN25,SBPS,,trait,8,8,0,0,0,0,TRUE,COMPLETE
CH11RE22,MSBS,HB,baseline,8,8,0,0,0,0,TRUE,COMPLETE
CH11RE22,MSBS,HB,post,8,8,0,0,0,0,TRUE,COMPLETE
CH11RE22,MSBS,LB,baseline,8,8,0,0,0,0,TRUE,COMPLETE
CH11RE22,MSBS,LB,post,8,8,0,0,0,0,TRUE,COMPLETE
CH11RE22,SBPS,,trait,8,8,0,0,0,0,TRUE,COMPLETE
CH18EU28,MSBS,HB,baseline,8,8,0,0,0,0,TRUE,COMPLETE
CH18EU28,MSBS,HB,post,8,8,0,0,0,0,TRUE,COMPLETE
CH18EU28,MSBS,LB,baseline,8,8,0,0,0,0,TRUE,COMPLETE
CH18EU28,MSBS,LB,post,8,8,0,0,0,0,TRUE,COMPLETE
CH18EU28,SBPS,,trait,8,8,0,0,0,0,TRUE,COMPLETE
CL22OE02,MSBS,HB,baseline,8,8,0,0,0,0,TRUE,COMPLETE
CL22OE02,MSBS,HB,post,8,8,0,0,0,0,TRUE,COMPLETE
CL22OE02,MSBS,LB,baseline,8,8,0,0,0,0,TRUE,COMPLETE
CL22OE02,MSBS,LB,post,8,8,0,0,0,0,TRUE,COMPLETE
CL22OE02,SBPS,,trait,8,8,0,0,0,0,TRUE,COMPLETE
CL23ON05,MSBS,HB,baseline,8,8,0,0,0,0,TRUE,COMPLETE
CL23ON05,MSBS,HB,post,8,8,0,0,0,0,TRUE,COMPLETE
CL23ON05,MSBS,LB,baseline,8,8,0,0,0,0,TRUE,COMPLETE
CL23ON05,MSBS,LB,post,8,8,0,0,0,0,TRUE,COMPLETE
CL23ON05,SBPS,,trait,8,8,0,0,0,0,TRUE,COMPLETE
DI16UB31,MSBS,HB,baseline,8,8,0,0,0,0,TRUE,COMPLETE
DI16UB31,MSBS,HB,post,8,8,0,0,0,0,TRUE,COMPLETE
DI16UB31,MSBS,LB,baseline,8,8,0,0,0,0,TRUE,COMPLETE
DI16UB31,MSBS,LB,post,8,8,0,0,0,0,TRUE,COMPLETE
DI16UB31,SBPS,,trait,8,8,0,0,0,0,TRUE,COMPLETE
DO11UB30,MSBS,HB,baseline,8,8,0,0,0,0,TRUE,COMPLETE
DO11UB30,MSBS,HB,post,8,8,0,0,0,0,TRUE,COMPLETE
DO11UB30,MSBS,LB,baseline,8,8,0,0,0,0,TRUE,COMPLETE
DO11UB30,MSBS,LB,post,8,8,0,0,0,0,TRUE,COMPLETE
DO11UB30,SBPS,,trait,8,8,0,0,0,0,TRUE,COMPLETE
DO13UE03,MSBS,HB,baseline,8,8,0,0,0,0,TRUE,COMPLETE
DO13UE03,MSBS,HB,post,8,0,8,8,0,0,FALSE,DOCUMENTED_MISSING
DO13UE03,MSBS,LB,baseline,8,8,0,0,0,0,TRUE,COMPLETE
DO13UE03,MSBS,LB,post,8,8,0,0,0,0,TRUE,COMPLETE
DO13UE03,SBPS,,trait,8,8,0,0,0,0,TRUE,COMPLETE
EL30AD28,MSBS,HB,baseline,8,8,0,0,0,0,TRUE,COMPLETE
EL30AD28,MSBS,HB,post,8,8,0,0,0,0,TRUE,COMPLETE
EL30AD28,MSBS,LB,baseline,8,8,0,0,0,0,TRUE,COMPLETE
EL30AD28,MSBS,LB,post,8,8,0,0,0,0,TRUE,COMPLETE
EL30AD28,SBPS,,trait,8,8,0,0,0,0,TRUE,COMPLETE
HE20ÜB06,MSBS,HB,baseline,8,8,0,0,0,0,TRUE,COMPLETE
HE20ÜB06,MSBS,HB,post,8,8,0,0,0,0,TRUE,COMPLETE
HE20ÜB06,MSBS,LB,baseline,8,8,0,0,0,0,TRUE,COMPLETE
HE20ÜB06,MSBS,LB,post,8,8,0,0,0,0,TRUE,COMPLETE
HE20ÜB06,SBPS,,trait,8,8,0,0,0,0,TRUE,COMPLETE
IN06UE25,MSBS,HB,baseline,8,8,0,0,0,0,TRUE,COMPLETE
IN06UE25,MSBS,HB,post,8,8,0,0,0,0,TRUE,COMPLETE
IN06UE25,MSBS,LB,baseline,8,8,0,0,0,0,TRUE,COMPLETE
IN06UE25,MSBS,LB,post,8,8,0,0,0,0,TRUE,COMPLETE
IN06UE25,SBPS,,trait,8,8,0,0,0,0,TRUE,COMPLETE
JE06AD10,MSBS,HB,baseline,8,8,0,0,0,0,TRUE,COMPLETE
JE06AD10,MSBS,HB,post,8,8,0,0,0,0,TRUE,COMPLETE
JE06AD10,MSBS,LB,baseline,8,8,0,0,0,0,TRUE,COMPLETE
JE06AD10,MSBS,LB,post,8,8,0,0,0,0,TRUE,COMPLETE
JE06AD10,SBPS,,trait,8,8,0,0,0,0,TRUE,COMPLETE
JO26EI26,MSBS,HB,baseline,8,8,0,0,0,0,TRUE,COMPLETE
JO26EI26,MSBS,HB,post,8,8,0,0,0,0,TRUE,COMPLETE
JO26EI26,MSBS,LB,baseline,8,8,0,0,0,0,TRUE,COMPLETE
JO26EI26,MSBS,LB,post,8,8,0,0,0,0,TRUE,COMPLETE
JO26EI26,SBPS,,trait,8,8,0,0,0,0,TRUE,COMPLETE
JU20ÜC09,MSBS,HB,baseline,8,8,0,0,0,0,TRUE,COMPLETE
JU20ÜC09,MSBS,HB,post,8,8,0,0,0,0,TRUE,COMPLETE
JU20ÜC09,MSBS,LB,baseline,8,8,0,0,0,0,TRUE,COMPLETE
JU20ÜC09,MSBS,LB,post,8,8,0,0,0,0,TRUE,COMPLETE
JU20ÜC09,SBPS,,trait,8,8,0,0,0,0,TRUE,COMPLETE
KA09ÜH17,MSBS,HB,baseline,8,8,0,0,0,0,TRUE,COMPLETE
KA09ÜH17,MSBS,HB,post,8,8,0,0,0,0,TRUE,COMPLETE
KA09ÜH17,MSBS,LB,baseline,8,8,0,0,0,0,TRUE,COMPLETE
KA09ÜH17,MSBS,LB,post,8,8,0,0,0,0,TRUE,COMPLETE
KA09ÜH17,SBPS,,trait,8,8,0,0,0,0,TRUE,COMPLETE
KA14RE15,MSBS,HB,baseline,8,8,0,0,0,0,TRUE,COMPLETE
KA14RE15,MSBS,HB,post,8,8,0,0,0,0,TRUE,COMPLETE
KA14RE15,MSBS,LB,baseline,8,8,0,0,0,0,TRUE,COMPLETE
KA14RE15,MSBS,LB,post,8,8,0,0,0,0,TRUE,COMPLETE
KA14RE15,SBPS,,trait,8,8,0,0,0,0,TRUE,COMPLETE
KE30IE06,MSBS,HB,baseline,8,8,0,0,0,0,TRUE,COMPLETE
KE30IE06,MSBS,HB,post,8,8,0,0,0,0,TRUE,COMPLETE
KE30IE06,MSBS,LB,baseline,8,8,0,0,0,0,TRUE,COMPLETE
KE30IE06,MSBS,LB,post,8,8,0,0,0,0,TRUE,COMPLETE
KE30IE06,SBPS,,trait,8,8,0,0,0,0,TRUE,COMPLETE
KO24IE08,MSBS,HB,baseline,8,8,0,0,0,0,TRUE,COMPLETE
KO24IE08,MSBS,HB,post,8,8,0,0,0,0,TRUE,COMPLETE
KO24IE08,MSBS,LB,baseline,8,8,0,0,0,0,TRUE,COMPLETE
KO24IE08,MSBS,LB,post,8,8,0,0,0,0,TRUE,COMPLETE
KO24IE08,SBPS,,trait,8,8,0,0,0,0,TRUE,COMPLETE
LE11ON12,MSBS,HB,baseline,8,8,0,0,0,0,TRUE,COMPLETE
LE11ON12,MSBS,HB,post,8,8,0,0,0,0,TRUE,COMPLETE
LE11ON12,MSBS,LB,baseline,8,8,0,0,0,0,TRUE,COMPLETE
LE11ON12,MSBS,LB,post,8,8,0,0,0,0,TRUE,COMPLETE
LE11ON12,SBPS,,trait,8,8,0,0,0,0,TRUE,COMPLETE
MA25UT20,MSBS,HB,baseline,8,8,0,0,0,0,TRUE,COMPLETE
MA25UT20,MSBS,HB,post,8,8,0,0,0,0,TRUE,COMPLETE
MA25UT20,MSBS,LB,baseline,8,8,0,0,0,0,TRUE,COMPLETE
MA25UT20,MSBS,LB,post,8,8,0,0,0,0,TRUE,COMPLETE
MA25UT20,SBPS,,trait,8,8,0,0,0,0,TRUE,COMPLETE
MI27ER17,MSBS,HB,baseline,8,8,0,0,0,0,TRUE,COMPLETE
MI27ER17,MSBS,HB,post,8,8,0,0,0,0,TRUE,COMPLETE
MI27ER17,MSBS,LB,baseline,8,8,0,0,0,0,TRUE,COMPLETE
MI27ER17,MSBS,LB,post,8,8,0,0,0,0,TRUE,COMPLETE
MI27ER17,SBPS,,trait,8,8,0,0,0,0,TRUE,COMPLETE
NF16CH30,MSBS,HB,baseline,8,8,0,0,0,0,TRUE,COMPLETE
NF16CH30,MSBS,HB,post,8,8,0,0,0,0,TRUE,COMPLETE
NF16CH30,MSBS,LB,baseline,8,8,0,0,0,0,TRUE,COMPLETE
NF16CH30,MSBS,LB,post,8,8,0,0,0,0,TRUE,COMPLETE
NF16CH30,SBPS,,trait,8,8,0,0,0,0,TRUE,COMPLETE
PE16IN18,MSBS,HB,baseline,8,8,0,0,0,0,TRUE,COMPLETE
PE16IN18,MSBS,HB,post,8,8,0,0,0,0,TRUE,COMPLETE
PE16IN18,MSBS,LB,baseline,8,8,0,0,0,0,TRUE,COMPLETE
PE16IN18,MSBS,LB,post,8,8,0,0,0,0,TRUE,COMPLETE
PE16IN18,SBPS,,trait,8,8,0,0,0,0,TRUE,COMPLETE
RE13ON18,MSBS,HB,baseline,8,8,0,0,0,0,TRUE,COMPLETE
RE13ON18,MSBS,HB,post,8,8,0,0,0,0,TRUE,COMPLETE
RE13ON18,MSBS,LB,baseline,8,8,0,0,0,0,TRUE,COMPLETE
RE13ON18,MSBS,LB,post,8,8,0,0,0,0,TRUE,COMPLETE
RE13ON18,SBPS,,trait,8,8,0,0,0,0,TRUE,COMPLETE
SA09OR12,MSBS,HB,baseline,8,8,0,0,0,0,TRUE,COMPLETE
SA09OR12,MSBS,HB,post,8,8,0,0,0,0,TRUE,COMPLETE
SA09OR12,MSBS,LB,baseline,8,8,0,0,0,0,TRUE,COMPLETE
SA09OR12,MSBS,LB,post,8,8,0,0,0,0,TRUE,COMPLETE
SA09OR12,SBPS,,trait,8,8,0,0,0,0,TRUE,COMPLETE
SI21ÜR22,MSBS,HB,baseline,8,8,0,0,0,0,TRUE,COMPLETE
SI21ÜR22,MSBS,HB,post,8,8,0,0,0,0,TRUE,COMPLETE
SI21ÜR22,MSBS,LB,baseline,8,8,0,0,0,0,TRUE,COMPLETE
SI21ÜR22,MSBS,LB,post,8,8,0,0,0,0,TRUE,COMPLETE
SI21ÜR22,SBPS,,trait,8,8,0,0,0,0,TRUE,COMPLETE
SI22IE06,MSBS,HB,baseline,8,8,0,0,0,0,TRUE,COMPLETE
SI22IE06,MSBS,HB,post,8,8,0,0,0,0,TRUE,COMPLETE
SI22IE06,MSBS,LB,baseline,8,8,0,0,0,0,TRUE,COMPLETE
SI22IE06,MSBS,LB,post,8,8,0,0,0,0,TRUE,COMPLETE
SI22IE06,SBPS,,trait,8,8,0,0,0,0,TRUE,COMPLETE
TA17ER04,MSBS,HB,baseline,8,8,0,0,0,0,TRUE,COMPLETE
TA17ER04,MSBS,HB,post,8,8,0,0,0,0,TRUE,COMPLETE
TA17ER04,MSBS,LB,baseline,8,8,0,0,0,0,TRUE,COMPLETE
TA17ER04,MSBS,LB,post,8,8,0,0,0,0,TRUE,COMPLETE
TA17ER04,SBPS,,trait,8,8,0,0,0,0,TRUE,COMPLETE
UL01RL21,MSBS,HB,baseline,8,8,0,0,0,0,TRUE,COMPLETE
UL01RL21,MSBS,HB,post,8,8,0,0,0,0,TRUE,COMPLETE
UL01RL21,MSBS,LB,baseline,8,8,0,0,0,0,TRUE,COMPLETE
UL01RL21,MSBS,LB,post,8,8,0,0,0,0,TRUE,COMPLETE
UL01RL21,SBPS,,trait,8,8,0,0,0,0,TRUE,COMPLETE
UL22ON24,MSBS,HB,baseline,8,8,0,0,0,0,TRUE,COMPLETE
UL22ON24,MSBS,HB,post,8,8,0,0,0,0,TRUE,COMPLETE
UL22ON24,MSBS,LB,baseline,8,8,0,0,0,0,TRUE,COMPLETE
UL22ON24,MSBS,LB,post,8,8,0,0,0,0,TRUE,COMPLETE
UL22ON24,SBPS,,trait,8,8,0,0,0,0,TRUE,COMPLETE
UR31EM17,MSBS,HB,baseline,8,8,0,0,0,0,TRUE,COMPLETE
UR31EM17,MSBS,HB,post,8,8,0,0,0,0,TRUE,COMPLETE
UR31EM17,MSBS,LB,baseline,8,8,0,0,0,0,TRUE,COMPLETE
UR31EM17,MSBS,LB,post,8,8,0,0,0,0,TRUE,COMPLETE
UR31EM17,SBPS,,trait,8,8,0,0,0,0,TRUE,COMPLETE
